page_id,bank,bank_category,product_family,page_role,url,language,captured_at,collection_method,robots_allowed,snapshot_html_path,screenshot_path,data_source,extraction_model,capture_quality,http_status,shadow_hosts_flattened,capture_quality_note,word_count,sentence_count,avg_sentence_length,readability_score,readability_formula,readability_band,word_count_band,sentence_count_band,avg_sentence_length_band,second_person_ratio_band,first_person_plural_band,disclaimer_word_share_band,text_to_image_ratio_band,second_person_ratio,first_person_plural_count,question_count,urgency_marker_count,numeric_claim_count,formality_score,clarity_score,primary_product,rate_shown,rate_value_pct,rate_prominence,benefit_framing,fab_level,value_prop_clarity,disclaimer_present,disclaimer_word_share,image_count,hero_image_present,hero_image_area_ratio,total_image_area_ratio,animated_asset_count,has_animation,dominant_image_type,people_present,imagery_register,dominant_colour_hex,palette_hex,brand_colour_share,accent_colour_count,accent_locations,background_luminance,cta_contrast_ratio,page_height_px,section_count,cta_count,cta_above_fold,text_image_layout,text_to_image_ratio,above_fold_element_count,has_comparison_table,layout_archetype,mobile_first_design_signal,aida_attention,aida_interest,aida_desire,aida_action,aida_coverage_score,persuasion_levers,persuasion_lever_count,audience_segment,is_bundled_offer,cross_sell_delivery_model,target_personas,cross_sold_products,subscription_style_framing,rate_framing,primary_cta_type,switching_framing,regulatory_disclosure_prominence,hidden_conditions_behind_free_claim,esg_claim_specificity,green_product_specific_benefit,mentions_loyalty_or_referral,images_have_alt_text,meta_title,institutional_trust_signal_present,youth_student_targeting,secondary_bank_positioning,expat_cross_border_targeting,branch_network_cited_as_benefit,fast_digital_onboarding_claim,first_time_investor_targeting,senior_preretirement_targeting
kbc_current_account_pack_nl_02,kbc,traditional,current_account_pack,campaign_landing,https://www.kbc.be/particulieren/nl/product/betalen/zichtrekeningen/basisrekening-openen.html,nl,2026-09-21 04:48:14.259669+00:00,headless_render,True,data/raw/kbc/current_account_pack_nl_02.html,data/raw/kbc/current_account_pack_nl_02.png,real,deepseek/deepseek-flash,ok,200,1,looks like a campaign page,2128,102,20.86,27.6,flesch_douma_nl,very_hard,long,long,long_sentences,mostly_direct,frequent,minimal,text_heavy,0.855,22,19,1,14,3,,KBC-Basisrekening,False,,,rational,feature,,True,0.003,8,True,0.174,0.042,1,True,photo,True,lifestyle,#ffffff,#ffffff|#f4f8fa|#7997af|#feffff|#fffffe,0.003,4,<NA>,0.86,12.24,3841,1,3,False,,266.0,44,True,,,,,,,,<NA>,,retail,False,not_applicable,mass_market,,False,not_shown,self_service_online,not_applicable,not_applicable,False,no_claim,False,False,True,Ontdek de KBC-Basisrekening - KBC Bank & Verzekering,False,False,False,False,False,False,False,False
ing_current_account_pack_fr_03,ing,traditional,current_account_pack,campaign_landing,https://www.ing.be/fr/particuliers/comptes-bancaire-packs/pack-go,fr,2026-09-21 04:50:37.835795+00:00,headless_render,True,data/raw/ing/current_account_pack_fr_03.html,data/raw/ing/current_account_pack_fr_03.png,real,deepseek/deepseek-flash,ok,200,185,looks like a campaign page,2080,113,18.41,58.1,kandel_moles_fr,medium,long,long,medium_sentences,mostly_direct,frequent,heavy,balanced,0.812,15,16,0,19,3,4,ING Go (pack compte à vue),False,,above_fold,mixed,feature,4,True,0.326,28,True,0.533,0.165,1,True,photo,True,lifestyle,#ffffff,#ffffff|#eeeded|#cbbdbe|#fbfcfc|#fffcfa,0.004,4,background|buttons|text,0.887,7.01,6842,,0,False,overlaid,74.29,29,False,hero_stacked,True,False,True,True,True,3,reciprocity,1,retail,True,internal_advisor_led,mass_market,other,False,not_shown,self_service_online,not_applicable,not_applicable,True,no_claim,False,False,False,Compte à vue gratuit ? ING Go pour bien démarrer - ING Belgique,False,True,False,False,False,True,False,False
kbc_current_account_pack_fr_01,kbc,traditional,current_account_pack,campaign_landing,https://www.kbc.be/particuliers/fr/produits/paiements/comptes-a-vue/ouvrir-un-compte-de-base.html,fr,2026-09-21 09:17:47.643600+00:00,headless_render,True,data/raw/kbc/current_account_pack_fr_01.html,data/raw/kbc/current_account_pack_fr_01.png,real,deepseek/deepseek-flash,ok,200,1,looks like a campaign page,2644,105,25.18,29.4,kandel_moles_fr,very_hard,long,long,long_sentences,mostly_direct,frequent,minimal,text_heavy,0.885,18,21,0,16,3,4,Compte Base KBC,False,,below_fold,rational,feature,4,True,0.003,8,True,0.174,0.042,1,True,photo,True,lifestyle,#ffffff,#ffffff|#fefefe|#adc1cf|#fffefe|#fffffe,0.001,4,buttons|icons|imagery,0.896,,3772,1,5,False,beside,330.5,43,True,split_columns,False,False,True,False,True,2,authority,1,retail,False,not_applicable,mass_market,,False,not_shown,self_service_online,not_applicable,not_applicable,False,no_claim,False,False,True,Découvrez le Compte Base KBC - KBC Banque & Assurance,False,False,False,False,False,False,False,False
n26_current_account_pack_fr_01,n26,challenger,current_account_pack,campaign_landing,https://n26.com/fr-fr/compte-bancaire-gratuit,fr,2026-09-21 09:18:01.533404+00:00,headless_render,True,data/raw/n26/current_account_pack_fr_01.html,data/raw/n26/current_account_pack_fr_01.png,real,deepseek/deepseek-flash,ok,200,1,looks like a campaign page,2019,90,22.43,42.1,kandel_moles_fr,hard,long,long,long_sentences,mostly_direct,frequent,minimal,balanced,0.78,24,8,0,9,3,5,"N26 Standard, le compte bancaire gratuit",False,,absent,mixed,benefit,4,True,0.038,29,True,0.963,0.587,0,False,photo,True,lifestyle,#293830,#293830|#efece8|#ffffff|#8a9990|#fcfcfb,0.024,4,background|imagery,0.579,12.47,8005,9,11,False,beside,69.62,22,False,hero_stacked,True,False,True,True,True,3,liking,1,retail,False,partner_addon_digital,mass_market,savings_account|investment,True,not_shown,self_service_online,not_applicable,not_applicable,True,no_claim,False,True,False,"N26 Standard, le compte bancaire gratuit",False,False,False,False,False,False,True,False
belfius_other_fr_01,belfius,traditional,other,campaign_landing,https://www.belfius.be/retail/fr/moments-cles/pension/index.aspx,fr,2026-09-21 09:18:23.565062+00:00,headless_render,True,data/raw/belfius/other_fr_01.html,data/raw/belfius/other_fr_01.png,real,deepseek/deepseek-flash,ok,200,206,looks like a campaign page,1354,45,30.09,27.0,kandel_moles_fr,very_hard,long,long,long_sentences,mostly_direct,frequent,minimal,text_heavy,0.606,26,8,0,2,3,2,Optimisez votre pension (épargne-pension / pension planning),False,,absent,rational,benefit,2,False,0.0,11,True,0.364,0.15,1,True,photo,True,lifestyle,#2a182b,#2a182b|#fdfdfd|#8b8787|#422e3b|#211525,0.001,4,text|icons|imagery|buttons,0.34,6.16,2179,28,9,False,overlaid,123.09,20,False,hero_stacked,False,True,True,True,True,4,social_proof|liking,2,retail,False,not_applicable,retiree,,False,not_shown,self_service_online,not_applicable,not_applicable,False,no_claim,False,False,False,Optimisez votre pension - Belfius,False,False,False,False,False,False,False,True
ing_savings_account_fr_01,ing,traditional,savings_account,campaign_landing,https://www.ing.be/fr/particuliers/epargner,fr,2026-09-21 09:18:44.033134+00:00,headless_render,True,data/raw/ing/savings_account_fr_01.html,data/raw/ing/savings_account_fr_01.png,real,deepseek/deepseek-flash,ok,200,170,looks like a campaign page,1576,68,23.18,40.0,kandel_moles_fr,hard,long,long,long_sentences,mostly_direct,frequent,minimal,image_heavy,0.781,14,17,3,2,3,3,Comptes d'épargne,False,,absent,emotional,benefit,3,False,0.0,49,True,0.103,0.204,0,False,photo,True,lifestyle,#ffffff,#ffffff|#eeedec|#fdfdfd|#bfb7b3|#fffdfb,0.0,4,text,0.887,7.01,5730,1,2,False,stacked,32.16,37,False,card_grid,False,False,True,True,False,2,reciprocity|authority|scarcity,3,retail,False,not_applicable,family|mass_market,term_account,False,not_shown,self_service_online,not_applicable,absent,False,no_claim,False,False,False,Épargner en tant que particulier - ING Belgique,False,True,False,False,False,False,False,False
bnp_paribas_fortis_mortgage_fr_01,bnp_paribas_fortis,traditional,mortgage,campaign_landing,https://www.bnpparibasfortis.be/fr/public/particuliers/emprunter/pret-immobilier/pret-hypothecaire,fr,2026-09-21 09:19:05.295738+00:00,headful_render,True,data/raw/bnp_paribas_fortis/mortgage_fr_01.html,data/raw/bnp_paribas_fortis/mortgage_fr_01.png,real,deepseek/deepseek-flash,ok,200,0,looks like a campaign page,3172,166,19.11,41.8,kandel_moles_fr,hard,long,long,medium_sentences,mostly_direct,frequent,minimal,text_heavy,0.681,73,32,1,10,4,5,Crédit hypothécaire / prêt habitation (prêt hypothécaire),False,,absent,rational,advantage,4,True,0.031,20,True,0.036,0.119,0,False,photo,True,lifestyle,#f5f6f7,#f5f6f7|#ffffff|#626362|#dadbda|#fefefe,0.0,4,imagery|buttons,0.745,12.63,11413,21,10,False,overlaid,158.6,32,True,hero_stacked,False,True,True,TRUE,True,4,commitment|liking|reciprocity,3,retail,False,not_applicable,mass_market,,False,not_shown,self_service_online,not_applicable,present_not_prominent,False,vague_adjective_only,True,False,False,Prêt hypothécaire | BNP Paribas Fortis,False,False,False,False,False,False,False,False
bnp_paribas_fortis_current_account_pack_fr_02,bnp_paribas_fortis,traditional,current_account_pack,campaign_landing,https://www.bnpparibasfortis.be/fr/public/particuliers/banque-au-quotidien/comptes-bancaires/compte-a-vue-comparer,fr,2026-09-21 09:19:26.497823+00:00,headful_render,True,data/raw/bnp_paribas_fortis/current_account_pack_fr_02.html,data/raw/bnp_paribas_fortis/current_account_pack_fr_02.png,real,deepseek/deepseek-flash,ok,200,0,looks like a campaign page,2199,66,33.32,33.7,kandel_moles_fr,hard,long,long,long_sentences,mostly_direct,frequent,minimal,text_heavy,0.576,61,8,1,17,4,,"Packs de comptes de paiement (Easy Guide, Easy Go, Hello Pack)",False,,,rational,feature,,True,0.022,17,True,0.036,0.104,0,False,photo,True,mixed,#ffffff,#ffffff|#f0f2f2|#9aa093|#fdfdfd|#fffefe,0.0,4,<NA>,0.843,12.63,6387,18,23,False,,129.35,43,False,,,,,,,,<NA>,,retail,True,not_applicable,mass_market|student,,False,not_shown,self_service_online,not_applicable,not_applicable,True,no_claim,False,False,False,Comparer les comptes à vue | BNP Paribas Fortis,False,True,False,False,False,True,False,False
revolut_current_account_pack_fr_01,revolut,challenger,current_account_pack,campaign_landing,https://www.revolut.com/fr-BE/bank-account/,fr,2026-09-21 09:19:48.600289+00:00,headless_render,True,data/raw/revolut/current_account_pack_fr_01.html,data/raw/revolut/current_account_pack_fr_01.png,real,deepseek/deepseek-flash,ok,200,0,looks like a campaign page,1352,55,24.58,32.8,kandel_moles_fr,hard,long,long,long_sentences,mostly_direct,frequent,minimal,text_heavy,0.759,13,0,1,9,2,4,Compte courant,True,0.0,above_fold,mixed,feature,3,False,0.0,10,True,1.0,0.243,1,True,render_3d,True,mixed,#ffffff,#ffffff|#191c1f|#060607|#f5f5f5|#585a5c,0.0,4,background,0.532,21.0,6615,10,7,False,overlaid,135.2,17,False,hero_stacked,True,False,True,TRUE,True,3,social_proof|authority|liking,3,mixed,True,partner_addon_digital,mass_market|family|entrepreneur_self_employed|expat,investment|other,True,not_shown,self_service_online,not_applicable,not_applicable,False,no_claim,False,False,True,L'application financière tout-en-un pour votre argent | Revolut Belgique,True,True,False,True,False,False,False,False
ing_current_account_pack_fr_02,ing,traditional,current_account_pack,campaign_landing,https://www.ing.be/fr/particuliers/comptes-bancaire-packs/pack-more,fr,2026-09-21 09:20:13.956282+00:00,headless_render,True,data/raw/ing/current_account_pack_fr_02.html,data/raw/ing/current_account_pack_fr_02.png,real,deepseek/deepseek-flash,ok,200,263,looks like a campaign page,4217,218,19.34,49.6,kandel_moles_fr,hard,long,long,medium_sentences,mostly_direct,frequent,heavy,text_heavy,0.846,24,18,1,32,3,4,Pack ING More,False,,below_fold,mixed,benefit,4,True,0.494,33,True,0.533,0.101,0,False,photo,True,mixed,#ffffff,#ffffff|#f2f1f2|#d9c2bc|#fcfcfc|#fffcf9,0.018,4,background|buttons|imagery,0.908,7.01,12088,,4,False,stacked,127.79,29,False,hero_stacked,True,True,True,True,True,4,reciprocity|scarcity,2,retail,True,partner_addon_digital,student|mass_market,other,False,not_shown,self_service_online,not_applicable,not_applicable,False,no_claim,False,False,False,Ouvrir un compte bancaire ING ? Choisissez le pack More - ING Belgique,False,True,False,False,False,False,False,False
argenta_current_account_pack_fr_01,argenta,traditional,current_account_pack,campaign_landing,https://www.argenta.be/fr/formules.html,fr,2026-09-21 09:20:48.680190+00:00,headless_render,True,data/raw/argenta/current_account_pack_fr_01.html,data/raw/argenta/current_account_pack_fr_01.png,real,deepseek/deepseek-flash,ok,200,0,looks like a campaign page,1831,46,39.8,20.3,kandel_moles_fr,very_hard,long,long,long_sentences,mostly_direct,frequent,minimal,text_heavy,0.746,16,4,2,33,4,3,La Formule Silver / Gold / Green,False,,above_fold,rational,feature,3,True,0.009,11,True,0.025,0.023,0,False,photo,True,lifestyle,#ffffff,#ffffff|#b6bbb9|#f0f2f1|#fdfdfd|#fefffe,0.004,4,icons|buttons|text,0.886,4.94,3244,3,7,False,beside,166.45,34,True,split_columns,False,False,True,False,True,2,authority,1,retail,True,not_applicable,mass_market,,False,not_shown,self_service_online,not_applicable,not_applicable,False,vague_adjective_only,False,False,False,Découvrez nos formules | Argenta,False,False,False,False,False,False,False,False
crelan_current_account_pack_fr_01,crelan,traditional,current_account_pack,campaign_landing,https://www.crelan.be/fr/particuliers/payer/comptes-vue/produit/economy-plus-pack,fr,2026-09-21 09:21:23.281754+00:00,headless_render,True,data/raw/crelan/current_account_pack_fr_01.html,data/raw/crelan/current_account_pack_fr_01.png,real,deepseek/deepseek-flash,ok,200,0,looks like a campaign page,2315,86,26.92,34.4,kandel_moles_fr,hard,long,long,long_sentences,mostly_direct,frequent,minimal,image_heavy,0.828,16,47,0,5,3,4,Performance Pack,False,,above_fold,rational,advantage,3,False,0.0,72,True,0.004,0.002,1,True,photo,True,lifestyle,#ffffff,#ffffff|#f8f8f8|#72776e|#edeeee|#fffdff,0.006,4,icons|background|buttons,0.79,11.03,2945,154,42,False,overlaid,32.15,41,False,hero_stacked,False,False,True,False,True,2,liking,1,retail,True,internal_advisor_led,mass_market,,False,not_shown,book_advisor_or_branch,not_applicable,not_applicable,False,no_claim,False,False,True,Performance Pack | Crelan,False,False,False,False,False,False,False,False
bunq_current_account_pack_fr_01,bunq,challenger,current_account_pack,campaign_landing,https://www.bunq.com/fr-be/personal/plans/bunq-free,fr,2026-09-21 09:21:59.497148+00:00,headless_render,True,data/raw/bunq/current_account_pack_fr_01.html,data/raw/bunq/current_account_pack_fr_01.png,real,deepseek/deepseek-flash,ok,200,0,looks like a campaign page,1763,101,17.46,51.7,kandel_moles_fr,medium,long,long,medium_sentences,mostly_direct,frequent,heavy,text_heavy,0.889,8,8,3,10,2,5,bunq Free - Ton compte bancaire gratuit,True,3.01,below_fold,mixed,advantage,4,True,0.15,13,True,0.293,0.167,1,True,illustration,False,product,#000000,#000000|#141315|#2f363b|#000002|#0e0006,0.0,4,imagery|background,0.002,1.0,15135,33,21,True,beside,135.62,19,False,hero_stacked,True,True,True,True,True,4,liking,1,retail,True,partner_addon_digital,mass_market|expat,savings_account|investment,False,base_rate,self_service_online,not_applicable,present_not_prominent,False,no_claim,False,False,False,bunq Free : pas de frais mensuels,False,False,False,True,False,True,False,False
belfius_current_account_pack_fr_02,belfius,traditional,current_account_pack,campaign_landing,https://www.belfius.be/retail/fr/produits/paiement/compte-bancaire/,fr,2026-09-21 09:22:20.400045+00:00,headless_render,True,data/raw/belfius/current_account_pack_fr_02.html,data/raw/belfius/current_account_pack_fr_02.png,real,deepseek/deepseek-flash,ok,200,3,looks like a campaign page,1812,82,22.1,46.4,kandel_moles_fr,hard,long,long,long_sentences,mostly_direct,frequent,minimal,text_heavy,0.688,25,14,0,18,4,,Comptes de paiement Beats,False,,,rational,feature,,True,0.023,18,True,0.333,0.149,1,True,illustration,True,lifestyle,#ffffff,#ffffff|#422739|#96858b|#f0eaec|#feffff,0.003,4,<NA>,0.87,6.16,11110,20,5,False,,100.67,21,True,,,,,,,,<NA>,,retail,True,partner_addon_digital,mass_market,other,False,not_shown,self_service_online,not_applicable,not_applicable,False,no_claim,False,False,False,Comptes de paiement pour tous vos besoins - Belfius,False,True,False,False,False,False,False,False
vdk_current_account_pack_fr_01,vdk,traditional,current_account_pack,campaign_landing,https://www.vdk.be/fr/particuliers/services-bancaires-au-quotidien/comptes-de-paiement/compte-vue-you-count,fr,2026-09-21 09:22:47.278245+00:00,headless_render,True,data/raw/vdk/current_account_pack_fr_01.html,data/raw/vdk/current_account_pack_fr_01.png,real,deepseek/deepseek-flash,ok,200,0,looks like a campaign page,3992,217,18.4,42.7,kandel_moles_fr,hard,long,long,medium_sentences,mostly_direct,frequent,minimal,text_heavy,0.797,43,28,1,3,4,4,Compte à vue You Count,False,,absent,mixed,feature,5,True,0.007,5,True,0.308,0.114,1,True,photo,True,lifestyle,#ffffff,#ffffff|#5a4f4a|#3a3534|#dad8d7|#feffff,0.0,4,buttons|background,0.857,10.25,4290,5,17,True,overlaid,798.4,37,True,hero_stacked,False,True,True,FALSE,True,3,<NA>,,retail,True,not_applicable,student,,False,not_shown,self_service_online,acquisition_encouragement,not_applicable,False,no_claim,False,False,False,Compte à vue You Count | vdk banque,False,True,False,False,False,False,False,False
hellobank_current_account_pack_fr_01,hellobank,traditional,current_account_pack,campaign_landing,https://www.hellobank.be/fr/notre-offre/comptes-et-cartes/compte-all-in-gratuit,fr,2026-09-21 09:23:24.270564+00:00,headless_render,True,data/raw/hellobank/current_account_pack_fr_01.html,data/raw/hellobank/current_account_pack_fr_01.png,real,deepseek/deepseek-flash,ok,200,0,looks like a campaign page,1661,71,23.39,43.1,kandel_moles_fr,hard,long,long,long_sentences,mostly_direct,frequent,minimal,text_heavy,0.595,47,11,0,5,2,,Le compte de paiement all-in gratuit,False,,,rational,feature,,True,0.022,15,True,0.369,0.322,0,False,illustration,True,mixed,#ffffff,#ffffff|#64949d|#f8fbfb|#dbe7e9|#fffdfd,0.057,4,<NA>,0.774,3.04,3881,6,2,False,,110.73,31,False,,,,,,,,<NA>,,retail,False,not_applicable,mass_market,,False,not_shown,self_service_online,not_applicable,not_applicable,False,no_claim,False,False,False,Le compte à vue gratuit | Hello bank!,False,False,False,False,False,False,False,False
cbc_current_account_pack_fr_01,cbc,traditional,current_account_pack,campaign_landing,https://www.cbc.be/particuliers/fr/produits/paiements/comptes-a-vue/compte-bancaire-gratuit.html,fr,2026-09-21 09:23:42.897338+00:00,headless_render,True,data/raw/cbc/current_account_pack_fr_01.html,data/raw/cbc/current_account_pack_fr_01.png,real,deepseek/deepseek-flash,ok,200,1,looks like a campaign page,2613,94,27.8,26.0,kandel_moles_fr,very_hard,long,long,long_sentences,mostly_direct,frequent,heavy,text_heavy,0.836,20,26,0,19,4,,Compte à vue 100% online - 100% gratuit,False,,,rational,feature,,True,0.774,12,True,0.174,0.046,1,True,photo,True,lifestyle,#ffffff,#ffffff|#f5f8fa|#869fb2|#feffff|#fffffe,0.001,4,<NA>,0.869,12.24,4447,1,11,False,,217.75,42,True,,,,,,,,<NA>,,retail,False,not_applicable,mass_market,,False,not_shown,self_service_online,not_applicable,not_applicable,False,no_claim,False,False,False,Compte à vue 100% online - 100% gratuit  - CBC Banque et Assurance,False,False,False,False,False,False,False,False
keytrade_current_account_pack_fr_01,keytrade,challenger,current_account_pack,campaign_landing,https://www.keytradebank.be/fr/banque/keypack,fr,2026-09-21 09:24:07.526900+00:00,headful_render,True,data/raw/keytrade/current_account_pack_fr_01.html,data/raw/keytrade/current_account_pack_fr_01.png,real,deepseek/deepseek-flash,ok,200,0,looks like a campaign page,1193,65,18.35,48.5,kandel_moles_fr,hard,long,long,medium_sentences,mostly_direct,frequent,minimal,balanced,0.614,34,7,0,1,2,,KEYPACK - Le compte à vue en ligne,False,,,rational,benefit,,False,0.0,21,True,0.229,0.26,1,True,photo,True,lifestyle,#e6f1f4,#e6f1f4|#ffffff|#536266|#c2cfd5|#fdfdfd,0.0,4,<NA>,0.683,1.0,6440,10,4,False,,56.81,28,False,,,,,,,,<NA>,,retail,True,internal_advisor_led,mass_market|investor,savings_account|investment,False,not_shown,self_service_online,acquisition_encouragement,not_applicable,True,no_claim,False,False,False,KEYPACK - Le compte à vue en ligne | Keytrade Bank,False,True,False,False,False,False,False,False
beobank_current_account_pack_fr_01,beobank,traditional,current_account_pack,campaign_landing,https://www.beobank.be/fr/payer/comptes-courants/compte-go.html,fr,2026-09-21 09:24:24.629230+00:00,headless_render,True,data/raw/beobank/current_account_pack_fr_01.html,data/raw/beobank/current_account_pack_fr_01.png,real,deepseek/deepseek-flash,ok,200,0,looks like a campaign page,3310,146,22.67,33.6,kandel_moles_fr,hard,long,long,long_sentences,mostly_direct,frequent,minimal,text_heavy,0.603,75,30,0,14,4,5,Compte Go,False,,absent,rational,feature,4,True,0.016,16,True,0.173,0.109,0,False,photo,True,lifestyle,#ffffff,#ffffff|#f3f2f4|#9b9498|#fdfdfd|#fefffe,0.012,4,buttons|text,0.851,8.32,7078,18,20,False,beside,206.88,45,False,split_columns,False,False,True,fals,True,,<NA>,,retail,True,not_applicable,mass_market,,False,not_shown,self_service_online,not_applicable,not_applicable,False,no_claim,False,True,False,Ouvrir un compte à vue gratuit | Compte Go | Beobank,False,False,False,False,False,False,False,False
argenta_investment_fr_03,argenta,traditional,investment,campaign_landing,https://www.argenta.be/fr/investir.html,fr,2026-09-21 09:24:55.711048+00:00,headless_render,True,data/raw/argenta/investment_fr_02.html,data/raw/argenta/investment_fr_02.png,real,deepseek/deepseek-flash,ok,200,0,looks like a campaign page,1555,88,17.67,41.2,kandel_moles_fr,hard,long,long,medium_sentences,mostly_direct,frequent,minimal,text_heavy,0.835,19,15,1,2,4,,Commencer à investir,False,,,rational,benefit,,True,0.01,10,True,0.003,0.063,0,False,illustration,False,abstract,#ffffff,#ffffff|#9ba09c|#f0f1f1|#fbfbfb|#fefffe,0.006,4,<NA>,0.868,4.94,4811,,14,False,,155.5,34,False,,,,,,,,<NA>,,retail,False,not_applicable,investor,,False,not_shown,self_service_online,not_applicable,absent,False,no_claim,False,False,False,Commencer à investir | Argenta,False,False,False,False,False,False,True,False
argenta_pension_fr_04,argenta,traditional,pension,campaign_landing,https://www.argenta.be/fr/investir/epargne-pension.html,fr,2026-09-21 09:25:16.842507+00:00,headless_render,True,data/raw/argenta/pension_fr_03.html,data/raw/argenta/pension_fr_03.png,real,deepseek/deepseek-flash,ok,200,0,looks like a campaign page,1514,82,18.46,36.2,kandel_moles_fr,hard,long,long,medium_sentences,mostly_direct,frequent,minimal,text_heavy,0.835,18,17,1,7,4,,Épargne-pension,False,,,rational,feature,,True,0.011,8,True,0.003,0.005,0,False,photo,True,lifestyle,#ffffff,#ffffff|#f7f7f7|#afaea8|#fefefe|#fffeff,0.003,4,<NA>,0.888,4.94,5824,,12,False,,189.25,32,False,,,,,,,,<NA>,,retail,False,not_applicable,mass_market,,False,not_shown,self_service_online,not_applicable,absent,False,no_claim,False,False,False,Épargne-pension | Argenta,False,False,False,False,False,False,False,True
belfius_savings_account_fr_04,belfius,traditional,savings_account,campaign_landing,https://www.belfius.be/site/retail/fr/produits/epargner,fr,2026-09-21 09:25:51.934157+00:00,headless_render,True,data/raw/belfius/savings_account_fr_03.html,data/raw/belfius/savings_account_fr_03.png,real,deepseek/deepseek-flash,ok,200,3,looks like a campaign page,952,55,17.31,49.1,kandel_moles_fr,hard,long,long,medium_sentences,mostly_direct,frequent,minimal,balanced,0.642,29,13,0,0,2,,Comptes d'épargne (Épargner),False,,,emotional,benefit,,False,0.0,14,True,0.333,0.229,1,True,photo,True,lifestyle,#ffffff,#ffffff|#45122d|#746b6c|#f2eeef|#fdffff,0.033,4,<NA>,0.544,6.16,3649,17,2,False,,68.0,21,False,,,,,,,,<NA>,,retail,True,internal_advisor_led,family|investor|retiree|mass_market,investment|pension,False,not_shown,book_advisor_or_branch,not_applicable,absent,False,no_claim,False,False,False,Épargnez maintenant pour plus tard – Belfius,False,False,False,False,False,False,False,True
beobank_investment_fr_03,beobank,traditional,investment,campaign_landing,https://www.beobank.be/fr/investir.html,fr,2026-09-21 09:26:06.188215+00:00,headless_render,True,data/raw/beobank/investment_fr_02.html,data/raw/beobank/investment_fr_02.png,real,deepseek/deepseek-flash,ok,200,0,looks like a campaign page,2490,109,22.84,24.0,kandel_moles_fr,very_hard,long,long,long_sentences,mostly_direct,frequent,minimal,text_heavy,0.516,88,17,0,2,3,,Investir avec Beobank,False,,,mixed,benefit,,True,0.014,11,True,0.173,0.079,0,False,photo,True,lifestyle,#ffffff,#ffffff|#f0eff2|#858086|#fefefe|#fffeff,0.006,4,<NA>,0.816,8.32,4460,10,31,False,,226.36,47,False,,,,,,,,<NA>,,retail,False,not_applicable,investor,,False,not_shown,self_service_online,not_applicable,present_not_prominent,False,vague_adjective_only,False,False,False,Investir avec Beobank | Beobank,False,False,False,False,False,False,True,False
beobank_mortgage_fr_04,beobank,traditional,mortgage,campaign_landing,https://www.beobank.be/fr/emprunter/prets-habitation/credit-hypothecaire.html,fr,2026-09-21 09:26:41.267613+00:00,headless_render,True,data/raw/beobank/mortgage_fr_03.html,data/raw/beobank/mortgage_fr_03.png,real,deepseek/deepseek-flash,ok,200,0,looks like a campaign page,4443,194,22.9,36.3,kandel_moles_fr,hard,long,long,long_sentences,mostly_direct,frequent,minimal,text_heavy,0.614,88,16,1,29,4,,Prêt hypothécaire,True,4.58,,rational,feature,,True,0.015,15,True,0.173,0.076,0,False,photo,True,lifestyle,#ffffff,#ffffff|#efeef1|#a196a2|#fafafb|#fffefe,0.023,4,<NA>,0.847,8.32,7755,24,14,False,,296.2,49,False,,,,,,,,<NA>,,retail,False,not_applicable,mass_market,,False,not_shown,book_advisor_or_branch,not_applicable,absent,False,no_claim,False,False,False,Prêt hypothécaire | Acheter ou construire | Beobank,False,False,False,False,False,False,False,False
beobank_pension_fr_05,beobank,traditional,pension,campaign_landing,https://www.beobank.be/fr/epargner/epargne-pension.html,fr,2026-09-21 09:27:00.187397+00:00,headless_render,True,data/raw/beobank/pension_fr_04.html,data/raw/beobank/pension_fr_04.png,real,deepseek/deepseek-flash,ok,200,0,looks like a campaign page,2489,97,25.66,24.1,kandel_moles_fr,very_hard,long,long,long_sentences,mostly_direct,frequent,minimal,text_heavy,0.538,72,10,1,10,4,,Épargne-pension,False,,,mixed,benefit,,True,0.014,11,True,0.173,0.082,0,False,photo,True,lifestyle,#ffffff,#ffffff|#ecebee|#91898a|#fdfdfd|#fffeff,0.005,4,<NA>,0.804,8.32,4097,12,13,False,,226.27,43,False,,,,,,,,<NA>,,retail,False,not_applicable,retiree|mass_market,,False,not_shown,book_advisor_or_branch,not_applicable,present_not_prominent,False,no_claim,False,False,False,L'épargne-pension | Beobank,False,False,False,False,False,False,False,True
beobank_savings_account_fr_06,beobank,traditional,savings_account,campaign_landing,https://www.beobank.be/fr/epargner.html,fr,2026-09-21 09:27:36.020807+00:00,headless_render,True,data/raw/beobank/savings_account_fr_05.html,data/raw/beobank/savings_account_fr_05.png,real,deepseek/deepseek-flash,ok,200,0,looks like a campaign page,3364,134,25.1,34.0,kandel_moles_fr,hard,long,long,long_sentences,mostly_direct,frequent,minimal,text_heavy,0.5,74,6,1,25,5,,Comptes d’épargne réglementés,True,15.0,,rational,feature,,True,0.01,14,True,0.173,0.289,0,False,photo,True,lifestyle,#ffffff,#ffffff|#f2f2f3|#a39fa5|#fefefe|#fffeff,0.007,4,<NA>,0.865,8.32,5325,7,12,False,,240.29,39,True,,,,,,,,<NA>,,retail,False,not_applicable,mass_market,,False,not_shown,self_service_online,not_applicable,present_not_prominent,False,no_claim,False,True,False,Comptes d’épargne réglementés | Beobank,False,False,False,False,False,False,False,False
beobank_term_account_fr_07,beobank,traditional,term_account,campaign_landing,https://www.beobank.be/fr/epargner/epargne-long-terme.html,fr,2026-09-21 09:28:10.774847+00:00,headless_render,True,data/raw/beobank/term_account_fr_06.html,data/raw/beobank/term_account_fr_06.png,real,deepseek/deepseek-flash,ok,200,0,looks like a campaign page,2065,76,27.17,19.5,kandel_moles_fr,very_hard,long,long,long_sentences,sometimes_direct,frequent,minimal,text_heavy,0.419,72,10,0,0,4,,Épargner ou investir via une assurance-vie,False,,,rational,feature,,True,0.017,12,True,0.173,0.115,0,False,photo,True,lifestyle,#ffffff,#ffffff|#908c90|#674578|#f0eff1|#fdffff,0.15,4,<NA>,0.59,8.32,2692,7,16,False,,172.08,42,False,,,,,,,,<NA>,,retail,False,not_applicable,investor|mass_market,investment,False,not_shown,self_service_online,not_applicable,present_not_prominent,False,no_claim,False,False,False,Épargner ou investir via une assurance-vie  | Beobank,False,False,False,False,False,False,True,False
bnp_paribas_fortis_investment_fr_04,bnp_paribas_fortis,traditional,investment,campaign_landing,https://www.bnpparibasfortis.be/fr/public/private-banking/investir,fr,2026-09-21 09:28:31.686518+00:00,headful_render,True,data/raw/bnp_paribas_fortis/investment_fr_03.html,data/raw/bnp_paribas_fortis/investment_fr_03.png,real,deepseek/deepseek-flash,ok,200,0,looks like a campaign page,1456,49,29.71,27.5,kandel_moles_fr,very_hard,long,long,long_sentences,mostly_direct,frequent,minimal,text_heavy,0.559,63,10,0,0,4,,Gestion de vos investissements (Banque Privée),False,,,mixed,benefit,,True,0.033,8,True,0.072,0.105,0,False,photo,True,lifestyle,#f2f3f6,#f2f3f6|#ffffff|#7b9393|#616768|#d3d5d5,0.008,4,<NA>,0.656,12.63,2259,11,6,False,,182.0,38,False,,,,,,,,<NA>,,retail,False,not_applicable,investor,,False,not_shown,book_advisor_or_branch,not_applicable,absent,False,no_claim,False,False,False,Banque Privée | BNP Paribas Fortis,False,False,False,False,False,False,False,False
cbc_investment_fr_03,cbc,traditional,investment,campaign_landing,https://www.cbc.be/particuliers/fr/placements.html?zone=topnav,fr,2026-09-21 09:28:45.696457+00:00,headless_render,True,data/raw/cbc/investment_fr_02.html,data/raw/cbc/investment_fr_02.png,real,deepseek/deepseek-flash,ok,200,1,looks like a campaign page,2265,91,24.89,24.8,kandel_moles_fr,very_hard,long,long,long_sentences,mostly_direct,frequent,minimal,balanced,0.825,22,35,0,8,4,,Placements d'argent / Investir,False,,,mixed,benefit,,False,0.0,27,True,0.002,0.0,1,True,photo,True,lifestyle,#eef2f5,#eef2f5|#6e808e|#cbd2d7|#ffffff|#fafafa,0.001,4,<NA>,0.699,12.24,4754,2,10,False,,83.89,42,False,,,,,,,,<NA>,,mixed,False,internal_advisor_led,investor|entrepreneur_self_employed,savings_account|pension,False,not_shown,book_advisor_or_branch,not_applicable,present_not_prominent,False,vague_adjective_only,False,False,False,Placements d'argent - CBC Banque et Assurance,False,False,False,False,False,False,True,False
cbc_pension_fr_04,cbc,traditional,pension,campaign_landing,https://www.cbc.be/particuliers/fr/epargne-pension.html?zone=topnav,fr,2026-09-21 09:29:04.912182+00:00,headless_render,True,data/raw/cbc/pension_fr_03.html,data/raw/cbc/pension_fr_03.png,real,deepseek/deepseek-flash,ok,200,1,looks like a campaign page,2429,106,22.92,28.6,kandel_moles_fr,very_hard,long,long,long_sentences,mostly_direct,frequent,heavy,text_heavy,0.85,21,28,0,24,4,,L'épargne-pension (épargne-pension CBC / assurance épargne-pension / fonds d'épargne-pension),False,,,rational,advantage,,True,0.782,10,True,0.174,0.045,1,True,photo,True,mixed,#ffffff,#ffffff|#6d889d|#f7fafb|#e5ebef|#fffdfd,0.0,4,<NA>,0.8,12.24,4143,1,14,False,,242.9,39,False,,,,,,,,<NA>,,retail,False,not_applicable,retiree|mass_market,savings_account|investment,False,not_shown,self_service_online,not_applicable,present_not_prominent,False,no_claim,False,False,False,L'épargne-pension - CBC Banque et Assurance,False,False,False,False,False,False,False,True
cbc_savings_account_fr_05,cbc,traditional,savings_account,campaign_landing,https://www.cbc.be/particuliers/fr/epargner.html?zone=topnav,fr,2026-09-21 09:29:39.847026+00:00,headless_render,True,data/raw/cbc/savings_account_fr_04.html,data/raw/cbc/savings_account_fr_04.png,real,deepseek/deepseek-flash,ok,200,1,looks like a campaign page,1924,59,32.61,15.0,kandel_moles_fr,very_hard,long,long,long_sentences,mostly_direct,frequent,minimal,balanced,0.806,19,21,0,4,5,,Compte d'épargne CBC,False,,,mixed,feature,,False,0.0,21,True,0.002,0.002,1,True,photo,True,mixed,#55738e,#55738e|#ffffff|#edf2f7|#b8bfc3|#fefefe,0.002,4,<NA>,0.667,12.24,2723,2,7,False,,91.62,41,False,,,,,,,,<NA>,,mixed,False,internal_advisor_led,family|entrepreneur_self_employed|investor|retiree|mass_market,investment|pension|other,False,not_shown,self_service_online,not_applicable,absent,False,vague_adjective_only,False,False,False,Epargner - CBC Banque et Assurance,False,True,False,False,False,False,True,True
crelan_mortgage_fr_03,crelan,traditional,mortgage,campaign_landing,https://www.crelan.be/fr/particuliers/emprunter/habitation/produit/pret-hypothecaire,fr,2026-09-21 09:30:15.334602+00:00,headless_render,True,data/raw/crelan/mortgage_fr_02.html,data/raw/crelan/mortgage_fr_02.png,real,deepseek/deepseek-flash,ok,200,0,looks like a campaign page,3391,152,22.31,38.2,kandel_moles_fr,hard,long,long,long_sentences,mostly_direct,frequent,minimal,balanced,0.872,22,62,0,6,3,,Prêt hypothécaire,True,2.0,,rational,feature,,False,0.0,73,True,0.004,0.009,1,True,photo,True,lifestyle,#ffffff,#ffffff|#f0f1f1|#91958d|#fdfdfd|#fffeff,0.003,4,<NA>,0.843,11.03,4156,166,43,False,,46.45,43,False,,,,,,,,<NA>,,retail,False,not_applicable,mass_market,,False,not_shown,self_service_online,not_applicable,absent,False,no_claim,False,False,True,Prêt hypothécaire | Simulez en ligne | Crelan,False,False,False,False,False,False,False,False
crelan_pension_fr_04,crelan,traditional,pension,campaign_landing,https://www.crelan.be/fr/particuliers/pension-et-succession,fr,2026-09-21 09:30:50.343699+00:00,headless_render,True,data/raw/crelan/pension_fr_03.html,data/raw/crelan/pension_fr_03.png,real,deepseek/deepseek-flash,ok,200,0,looks like a campaign page,2020,77,26.23,32.7,kandel_moles_fr,hard,long,long,long_sentences,mostly_direct,frequent,minimal,image_heavy,0.819,13,46,0,2,3,,Pension et succession,False,,,mixed,benefit,,False,0.0,75,True,0.132,0.253,1,True,photo,True,lifestyle,#95a193,#95a193|#f4f4f4|#fefefe|#5f5b56|#e9ebea,0.012,4,<NA>,0.625,11.03,1901,149,41,False,,26.93,47,False,,,,,,,,<NA>,,retail,True,internal_advisor_led,retiree|family,investment|other,False,not_shown,book_advisor_or_branch,not_applicable,present_not_prominent,False,no_claim,False,False,True,Pension et succession | Crelan,False,False,False,False,False,False,False,True
crelan_term_account_fr_05,crelan,traditional,term_account,campaign_landing,https://www.crelan.be/fr/particuliers/epargner-et-investir/epargner/produit/comptes-terme,fr,2026-09-21 09:31:25.164624+00:00,headless_render,True,data/raw/crelan/term_account_fr_04.html,data/raw/crelan/term_account_fr_04.png,real,deepseek/deepseek-flash,ok,200,0,looks like a campaign page,2763,114,24.24,40.2,kandel_moles_fr,hard,long,long,long_sentences,mostly_direct,frequent,minimal,image_heavy,0.847,15,50,0,26,3,,Comptes à terme,True,3.0,,rational,feature,,False,0.0,73,True,0.004,0.006,1,True,photo,True,lifestyle,#ffffff,#ffffff|#f2f2f2|#9da29b|#fafafa|#fffcfa,0.002,4,<NA>,0.868,11.03,4924,159,42,False,,37.85,43,True,,,,,,,,<NA>,,retail,False,not_applicable,mass_market,,False,not_shown,self_service_online,not_applicable,present_not_prominent,False,no_claim,False,False,True,Comptes à terme | Crelan,False,False,False,False,False,False,False,False
hellobank_investment_fr_03,hellobank,traditional,investment,campaign_landing,https://www.hellobank.be/fr/notre-offre/epargner-et-placer/commencer-a-investir,fr,2026-09-21 09:31:58.666296+00:00,headless_render,True,data/raw/hellobank/investment_fr_02.html,data/raw/hellobank/investment_fr_02.png,real,deepseek/deepseek-flash,ok,200,0,looks like a campaign page,1321,58,22.78,42.0,kandel_moles_fr,hard,long,long,long_sentences,mostly_direct,frequent,minimal,text_heavy,0.56,44,8,1,3,4,,Flexinvest,False,,,mixed,benefit,,True,0.027,2,True,0.036,0.02,0,False,photo,True,lifestyle,#ffffff,#ffffff|#3f696e|#aeb9bb|#f8fafa|#fffcfd,0.0,4,<NA>,0.7,3.04,1688,2,2,False,,660.5,21,False,,,,,,,,<NA>,,retail,False,not_applicable,investor|mass_market,,False,not_shown,self_service_online,not_applicable,absent,False,vague_adjective_only,False,False,False,Commencer à investir | Hello bank!,False,False,False,False,False,False,True,False
hellobank_savings_account_fr_04,hellobank,traditional,savings_account,campaign_landing,https://www.hellobank.be/fr/notre-offre/epargner-et-placer/compte-epargne,fr,2026-09-21 09:32:16.643347+00:00,headless_render,True,data/raw/hellobank/savings_account_fr_03.html,data/raw/hellobank/savings_account_fr_03.png,real,deepseek/deepseek-flash,ok,200,0,looks like a campaign page,2515,129,19.5,53.0,kandel_moles_fr,medium,long,long,medium_sentences,mostly_direct,frequent,minimal,text_heavy,0.69,45,16,0,14,4,,Le Compte d'épargne (Cat. A),True,0.3,,rational,feature,,True,0.014,2,True,0.036,0.01,0,False,illustration,False,product,#f3f7f9,#f3f7f9|#ffffff|#e8ebec|#7b807d|#fdfdfd,0.0,4,<NA>,0.799,3.04,5361,3,2,False,,1257.5,26,False,,,,,,,,<NA>,,retail,False,not_applicable,mass_market,,False,base_rate,self_service_online,not_applicable,present_not_prominent,True,no_claim,False,True,True,Le Compte d'épargne | Hello bank!,True,False,False,False,False,True,False,False
ing_investment_fr_04,ing,traditional,investment,campaign_landing,https://www.ing.be/fr/particuliers/investir,fr,2026-09-21 09:32:31.591134+00:00,headless_render,True,data/raw/ing/investment_fr_03.html,data/raw/ing/investment_fr_03.png,real,deepseek/deepseek-flash,ok,200,213,looks like a campaign page,1798,113,15.91,41.4,kandel_moles_fr,hard,long,long,medium_sentences,mostly_direct,frequent,minimal,image_heavy,0.752,26,27,0,11,3,,Investir selon votre profil de risque,False,,,mixed,benefit,,True,0.036,45,True,0.103,0.077,0,False,photo,True,mixed,#ffffff,#ffffff|#f0efef|#cec9c8|#fdfdfd|#fffdfc,0.001,4,<NA>,0.892,7.01,5551,1,2,False,,39.96,33,False,,,,,,,,<NA>,,retail,False,not_applicable,investor|mass_market,pension,False,not_shown,self_service_online,not_applicable,present_not_prominent,False,no_claim,False,False,False,Investir selon votre profil de risque - ING Belgique,False,False,False,False,False,False,True,True
ing_mortgage_fr_05,ing,traditional,mortgage,campaign_landing,https://www.ing.be/fr/particuliers/emprunter/pret-hypothecaire,fr,2026-09-21 09:32:53.097268+00:00,headless_render,True,data/raw/ing/mortgage_fr_04.html,data/raw/ing/mortgage_fr_04.png,real,deepseek/deepseek-flash,ok,200,338,looks like a campaign page,4634,258,17.96,47.3,kandel_moles_fr,hard,long,long,medium_sentences,mostly_direct,frequent,heavy,text_heavy,0.908,26,56,0,24,3,,Prêt hypothécaire,True,0.0,,mixed,feature,,True,0.174,25,True,0.533,0.161,1,True,photo,True,lifestyle,#ffffff,#ffffff|#f3f2f1|#c9c0be|#fdfdfd|#fffdfb,0.0,4,<NA>,0.902,7.01,10956,,4,False,,185.36,26,False,,,,,,,,<NA>,,retail,False,not_applicable,mass_market,,False,not_shown,book_advisor_or_branch,not_applicable,present_not_prominent,False,no_claim,True,False,False,"Prêt hypothécaire - Acheter, construire ou rénover un habitation - ING Belgique",False,False,False,False,False,False,False,False
ing_pension_fr_06,ing,traditional,pension,campaign_landing,https://www.ing.be/fr/particuliers/pension,fr,2026-09-21 09:33:05.003092+00:00,headless_render,True,data/raw/ing/pension_fr_05.html,data/raw/ing/pension_fr_05.png,real,deepseek/deepseek-flash,ok,200,121,looks like a campaign page,1193,60,19.88,45.1,kandel_moles_fr,hard,long,long,medium_sentences,mostly_direct,occasional,moderate,balanced,0.892,7,14,0,23,4,,Épargne-pension (plan d'épargne-pension),True,33.0,,rational,advantage,,True,0.059,13,True,0.052,0.058,0,False,photo,True,lifestyle,#ffffff,#ffffff|#e8e6e6|#fffffe|#b2a197|#feffff,0.002,4,<NA>,0.898,7.01,3762,1,4,False,,91.77,27,False,,,,,,,,<NA>,,retail,True,internal_advisor_led,retiree|mass_market,savings_account|investment,False,not_shown,self_service_online,not_applicable,present_not_prominent,False,no_claim,False,False,False,Épargne-pension : Préparez votre retraite avec ING - ING Belgique,True,False,False,False,False,False,True,True
kbc_investment_fr_03,kbc,traditional,investment,campaign_landing,https://www.kbc.be/particuliers/fr/placements.html?zone=topnav,fr,2026-09-21 09:33:20.251992+00:00,headless_render,True,data/raw/kbc/investment_fr_02.html,data/raw/kbc/investment_fr_02.png,real,deepseek/deepseek-flash,ok,200,1,looks like a campaign page,1928,59,32.68,12.1,kandel_moles_fr,very_hard,long,long,long_sentences,mostly_direct,frequent,minimal,text_heavy,0.824,21,13,0,5,3,,Investir chez KBC (Placements),False,,,mixed,benefit,,False,0.0,17,True,0.003,0.001,1,True,photo,True,lifestyle,#587998,#587998|#fefefe|#eff2f7|#d7dfed|#8ca8b9,0.005,4,<NA>,0.666,,2611,2,3,False,,113.41,41,False,,,,,,,,<NA>,,mixed,False,not_applicable,investor|entrepreneur_self_employed|family,savings_account|pension,False,not_shown,other,not_applicable,present_not_prominent,False,vague_adjective_only,False,False,False,Investir chez KBC - KBC Banque & Assurance,False,False,False,False,False,False,True,False
kbc_mortgage_fr_04,kbc,traditional,mortgage,campaign_landing,https://www.kbc.be/particuliers/fr/emprunter/logement/pret-hypothecaire.html?zone=topnav,fr,2026-09-21 09:33:41.356733+00:00,headless_render,True,data/raw/kbc/mortgage_fr_03.html,data/raw/kbc/mortgage_fr_03.png,real,deepseek/deepseek-flash,ok,200,1,looks like a campaign page,3418,148,23.09,32.8,kandel_moles_fr,hard,long,long,long_sentences,mostly_direct,frequent,minimal,text_heavy,0.867,34,35,0,7,3,,Prêt hypothécaire,True,100.0,,rational,feature,,False,0.0,10,True,0.174,0.054,1,True,photo,True,lifestyle,#ffffff,#ffffff|#f0f4f6|#7090a7|#feffff|#fffffe,0.002,4,<NA>,0.832,,3711,1,9,False,,341.8,41,False,,,,,,,,<NA>,,retail,False,not_applicable,family|mass_market,,False,not_shown,self_service_online,not_applicable,present_not_prominent,False,no_claim,False,False,False,Prêt hypothécaire: simulation en ligne - KBC Banque & Assurance,False,False,False,False,False,False,False,False
kbc_pension_fr_05,kbc,traditional,pension,campaign_landing,https://www.kbc.be/particuliers/fr/epargne-pension/moment-cle.html,fr,2026-09-21 09:33:57.403111+00:00,headless_render,True,data/raw/kbc/pension_fr_04.html,data/raw/kbc/pension_fr_04.png,real,deepseek/deepseek-flash,ok,200,1,looks like a campaign page,2284,94,24.3,26.3,kandel_moles_fr,very_hard,long,long,long_sentences,mostly_direct,frequent,minimal,text_heavy,0.851,22,21,0,4,4,,Épargne-pension (plan d'avenir),False,,,mixed,benefit,,False,0.0,20,True,0.587,0.309,1,True,photo,True,lifestyle,#f5f9fb,#f5f9fb|#ffffff|#677e96|#d7e5ea|#fdfdfe,0.001,4,<NA>,0.791,,5229,,2,False,,114.2,41,False,,,,,,,,<NA>,,retail,False,not_applicable,retiree|mass_market,,False,not_shown,other,not_applicable,present_not_prominent,False,no_claim,False,False,False,Élaborez votre plan d’avenir - KBC Banque & Assurance,False,False,False,False,False,False,False,True
kbc_savings_account_fr_06,kbc,traditional,savings_account,campaign_landing,https://www.kbc.be/particuliers/fr/epargner.html?zone=topnav,fr,2026-09-21 09:34:33.031751+00:00,headless_render,True,data/raw/kbc/savings_account_fr_05.html,data/raw/kbc/savings_account_fr_05.png,real,deepseek/deepseek-flash,ok,200,1,looks like a campaign page,1926,57,33.79,12.1,kandel_moles_fr,very_hard,long,long,long_sentences,mostly_direct,frequent,minimal,balanced,0.827,19,12,0,4,4,,Compte d’épargne gratuit,False,,,rational,feature,,False,0.0,20,True,0.003,0.001,1,True,photo,True,mixed,#8599a4,#8599a4|#425f78|#ffffff|#fcfcfc|#e2e6e8,0.005,4,<NA>,0.576,2.53,2582,2,4,False,,96.3,41,False,,,,,,,,<NA>,,mixed,False,internal_advisor_led,student|family|entrepreneur_self_employed|investor|mass_market,current_account_pack|mortgage|investment|pension|other,False,not_shown,self_service_online,not_applicable,absent,False,no_claim,False,False,False,Epargner - KBC Banque & Assurance,False,True,False,False,False,False,True,True
keytrade_investment_fr_03,keytrade,challenger,investment,campaign_landing,https://www.keytradebank.be/fr/investir,fr,2026-09-21 09:35:10.340397+00:00,headful_render,True,data/raw/keytrade/investment_fr_02.html,data/raw/keytrade/investment_fr_02.png,real,deepseek/deepseek-flash,ok,200,0,looks like a campaign page,955,48,19.9,43.2,kandel_moles_fr,hard,long,long,medium_sentences,mostly_direct,frequent,minimal,balanced,0.562,35,8,0,3,3,,"Investir (offres d'investissement : KEY plan, KEY private, Trading)",False,,,mixed,benefit,,False,0.0,12,True,0.301,0.213,1,True,illustration,False,mixed,#34444e,#34444e|#dfecf0|#222d34|#7d8f89|#224655,0.008,4,<NA>,0.337,1.0,4506,8,6,False,,79.58,24,False,,,,,,,,<NA>,,retail,False,not_applicable,investor|mass_market,,False,not_shown,self_service_online,acquisition_encouragement,absent,False,no_claim,False,False,False,Investir | Découvrez nos offres d'investissement  | Keytrade Bank,False,False,False,False,False,False,True,False
keytrade_savings_account_fr_04,keytrade,challenger,savings_account,campaign_landing,https://www.keytradebank.be/fr/banque/epargne,fr,2026-09-21 09:35:46.426339+00:00,headful_render,True,data/raw/keytrade/savings_account_fr_03.html,data/raw/keytrade/savings_account_fr_03.png,real,deepseek/deepseek-flash,ok,200,0,looks like a campaign page,1824,69,26.43,39.7,kandel_moles_fr,hard,long,long,long_sentences,mostly_direct,frequent,minimal,text_heavy,0.633,29,4,1,12,5,,Comptes d'épargne réglementés (Compte Épargne High Fidelity / Compte Épargne Azur),False,,,rational,feature,,False,0.0,2,True,0.0,0.0,1,True,icon_only,False,product,#e5ecef,#e5ecef|#d6dee2|#ffffff|#657178|#f8f9f9,0.0,4,<NA>,0.708,1.0,6100,8,6,False,,912.0,24,True,,,,,,,,<NA>,,retail,False,not_applicable,mass_market,,False,base_rate,self_service_online,not_applicable,present_not_prominent,False,no_claim,False,True,True,Comptes d'épargne réglementés | Keytrade Bank,False,False,False,False,False,False,False,False
n26_investment_fr_03,n26,challenger,investment,campaign_landing,https://n26.com/fr-fr/investir-etf,fr,2026-09-21 09:36:01.398108+00:00,headless_render,True,data/raw/n26/investment_fr_02.html,data/raw/n26/investment_fr_02.png,real,deepseek/deepseek-flash,ok,200,1,looks like a campaign page,4026,185,21.76,41.5,kandel_moles_fr,hard,long,long,long_sentences,mostly_direct,frequent,minimal,balanced,0.873,15,24,1,13,3,,Investissements – Actions et ETF (investir dans les ETF),False,,,mixed,advantage,,False,0.0,80,True,0.4,0.23,0,False,photo,True,mixed,#e2e3e2,#e2e3e2|#eceeed|#ffffff|#9da29c|#f8f7f6,0.003,4,<NA>,0.799,12.47,13323,17,16,False,,50.33,22,False,,,,,,,,<NA>,,retail,False,not_applicable,investor|mass_market,,False,not_shown,self_service_online,not_applicable,present_not_prominent,False,no_claim,False,True,False,Investir dans les ETF : Guide complet,False,False,False,False,False,False,True,False
n26_savings_account_fr_04,n26,challenger,savings_account,campaign_landing,https://n26.com/fr-fr/plan-d-epargne,fr,2026-09-21 09:36:28.891637+00:00,headless_render,True,data/raw/n26/savings_account_fr_03.html,data/raw/n26/savings_account_fr_03.png,real,deepseek/deepseek-flash,ok,200,1,looks like a campaign page,3057,110,27.79,33.8,kandel_moles_fr,hard,long,long,long_sentences,mostly_direct,frequent,minimal,balanced,0.873,14,19,0,12,4,,Plan d'épargne N26,False,,,mixed,advantage,,False,0.0,61,True,0.4,0.349,0,False,render_3d,False,product,#e4e0df,#e4e0df|#e0edeb|#f5f1ea|#fefefe|#8d9692,0.002,4,<NA>,0.778,12.47,9785,14,18,False,,50.11,22,False,,,,,,,,<NA>,,retail,False,partner_addon_digital,investor|mass_market,investment,False,not_shown,self_service_online,not_applicable,present_not_prominent,False,no_claim,False,True,False,Sécuriser son avenir financier avec le plan d’épargne,False,False,False,False,False,False,True,False
vdk_pension_fr_03,vdk,traditional,pension,campaign_landing,https://www.vdk.be/fr/particuliers/epargner-et-investir/epargne-pension,fr,2026-09-21 09:36:56.078294+00:00,headless_render,True,data/raw/vdk/pension_fr_02.html,data/raw/vdk/pension_fr_02.png,real,deepseek/deepseek-flash,ok,200,0,looks like a campaign page,3549,185,19.18,38.8,kandel_moles_fr,hard,long,long,medium_sentences,mostly_direct,frequent,minimal,text_heavy,0.772,41,20,0,0,5,,Épargne-pension,False,,,rational,benefit,,True,0.008,7,True,0.384,0.262,1,True,photo,True,lifestyle,#ffffff,#ffffff|#574e4a|#39312d|#d5d2d0|#fdffff,0.0,4,<NA>,0.825,10.25,3576,3,17,True,,507.0,34,False,,,,,,,,<NA>,,retail,False,not_applicable,mass_market,,False,not_shown,book_advisor_or_branch,not_applicable,present_not_prominent,False,no_claim,False,False,False,Épargne-pension | vdk banque,False,False,False,False,False,False,False,True
vdk_savings_account_fr_04,vdk,traditional,savings_account,campaign_landing,https://www.vdk.be/fr/compte-depargne-rythme,fr,2026-09-21 09:37:31.458912+00:00,headless_render,True,data/raw/vdk/savings_account_fr_03.html,data/raw/vdk/savings_account_fr_03.png,real,deepseek/deepseek-flash,ok,200,0,looks like a campaign page,4468,232,19.26,42.8,kandel_moles_fr,hard,long,long,medium_sentences,mostly_direct,frequent,minimal,text_heavy,0.771,50,24,0,12,5,,Compte d'épargne Rythme,True,15.0,,rational,feature,,True,0.006,7,True,0.308,0.121,1,True,photo,True,lifestyle,#ffffff,#ffffff|#38312d|#e3dfdd|#6a5e5a|#fdffff,0.0,4,<NA>,0.893,10.25,5770,5,17,True,,638.29,36,False,,,,,,,,<NA>,,retail,False,not_applicable,mass_market,,False,base_rate,self_service_online,not_applicable,present_not_prominent,False,no_claim,False,True,False,Compte d'épargne Rythme | vdk banque,False,False,False,False,False,False,False,False
vdk_term_account_fr_05,vdk,traditional,term_account,campaign_landing,https://www.vdk.be/fr/particuliers/epargner-et-investir/compte-terme,fr,2026-09-21 09:37:58.712588+00:00,headless_render,True,data/raw/vdk/term_account_fr_04.html,data/raw/vdk/term_account_fr_04.png,real,deepseek/deepseek-flash,ok,200,0,looks like a campaign page,4308,224,19.23,45.0,kandel_moles_fr,hard,long,long,medium_sentences,mostly_direct,frequent,minimal,text_heavy,0.769,50,23,0,28,5,,Compte à terme,True,3.0,,rational,feature,,True,0.006,6,True,0.206,0.108,1,True,photo,True,lifestyle,#ffffff,#ffffff|#413e3b|#e1e0df|#feffff|#6b5e58,0.0,4,<NA>,0.888,10.25,5540,5,17,True,,718.0,35,True,,,,,,,,<NA>,,retail,False,not_applicable,mass_market,,False,not_shown,book_advisor_or_branch,not_applicable,present_not_prominent,False,no_claim,False,False,False,Compte à terme | vdk banque,False,False,False,False,False,False,False,False
